year,film,winner,nominated_for_Writing,nominated_for_BestDirector,nominated_for_BestActress,nominated_for_BestActor,nominated_for_BestFilmEditing,Adventure,Biography,Comedy,Crime,Drama,History,Musical,Romance,Thriller,War,Other
1934,It Happened One Night,TRUE,TRUE,TRUE,TRUE,TRUE,FALSE,0,0,0.5,0,0,0,0,0.5,0,0,0
1934,Cleopatra,FALSE,FALSE,FALSE,FALSE,FALSE,TRUE,0,0.333333333333333,0,0,0.333333333333333,0.333333333333333,0,0,0,0,0
1934,Imitation of Life,FALSE,FALSE,FALSE,FALSE,FALSE,FALSE,0,0,0,0,0.5,0,0,0.5,0,0,0
1934,The Barretts of Wimpole Street,FALSE,FALSE,FALSE,FALSE,FALSE,FALSE,0,0.333333333333333,0,0,0.333333333333333,0,0,0.333333333333333,0,0,0
1934,The Thin Man,FALSE,TRUE,TRUE,FALSE,FALSE,FALSE,0,0,0.333333333333333,0.333333333333333,0,0,0,0,0,0,0.333333333333333
1934,The Gay Divorcee,FALSE,FALSE,FALSE,FALSE,FALSE,FALSE,0,0,0.333333333333333,0,0,0,0.333333333333333,0.333333333333333,0,0,0
1934,One Night of Love,FALSE,FALSE,TRUE,TRUE,FALSE,TRUE,0,0,0,0,0,0,0,0.5,0,0,0.5
1934,Viva Villa!,FALSE,TRUE,FALSE,FALSE,FALSE,FALSE,0,0.5,0,0,0,0,0,0,0,0,0.5
1934,Flirtation Walk,FALSE,FALSE,FALSE,FALSE,FALSE,FALSE,0,0,0,0,0,0,0.5,0.5,0,0,0
1934,Here Comes the Navy,FALSE,FALSE,FALSE,FALSE,FALSE,FALSE,0,0,0.25,0,0.25,0,0,0.25,0,0.25,0
1934,The House of Rothschild,FALSE,FALSE,FALSE,FALSE,FALSE,FALSE,0,0.25,0,0,0.25,0.25,0,0,0,0.25,0
1934,The White Parade,FALSE,FALSE,FALSE,FALSE,FALSE,FALSE,0,0,0,0,0.333333333333333,0.333333333333333,0,0.333333333333333,0,0,0
1935,Mutiny on the Bounty,TRUE,TRUE,TRUE,FALSE,TRUE,TRUE,0.333333333333333,0,0,0,0.333333333333333,0.333333333333333,0,0,0,0,0
1935,Ruggles of Red Gap,FALSE,FALSE,FALSE,FALSE,FALSE,FALSE,0,0,0.5,0,0,0,0,0.5,0,0,0
1935,Broadway Melody of 1936,FALSE,TRUE,FALSE,FALSE,FALSE,FALSE,0,0,0,0,0,0,0.5,0.5,0,0,0
1935,The Informer,FALSE,TRUE,TRUE,FALSE,TRUE,TRUE,0,0,0,0,1,0,0,0,0,0,0
1935,A Midsummer Night's Dream,FALSE,FALSE,FALSE,FALSE,FALSE,TRUE,0,0,0.333333333333333,0,0,0,0,0.333333333333333,0,0,0.333333333333333
1935,The Lives of a Bengal Lancer,FALSE,TRUE,TRUE,FALSE,FALSE,TRUE,0.5,0,0,0,0.5,0,0,0,0,0,0
1935,David Copperfield,FALSE,FALSE,FALSE,FALSE,FALSE,TRUE,0.333333333333333,0,0,0,0.333333333333333,0,0,0.333333333333333,0,0,0
1935,Top Hat,FALSE,FALSE,FALSE,FALSE,FALSE,FALSE,0,0,0.333333333333333,0,0,0,0.333333333333333,0.333333333333333,0,0,0
1935,Alice Adams,FALSE,FALSE,FALSE,FALSE,FALSE,FALSE,0,0,0.333333333333333,0,0.333333333333333,0,0,0.333333333333333,0,0,0
1935,Naughty Marietta,FALSE,FALSE,FALSE,FALSE,FALSE,FALSE,0,0,0,0,0.333333333333333,0,0.333333333333333,0.333333333333333,0,0,0
1935,Les Miserables,FALSE,FALSE,FALSE,FALSE,FALSE,TRUE,0,0,0,0,0.333333333333333,0.333333333333333,0,0.333333333333333,0,0,0
1935,Captain Blood,FALSE,TRUE,TRUE,FALSE,FALSE,FALSE,0.5,0,0,0,0,0,0,0,0,0,0.5
1936,The Great Ziegfeld,TRUE,TRUE,TRUE,TRUE,FALSE,TRUE,0,0.25,0,0,0.25,0,0.25,0.25,0,0,0
1936,Three Smart Girls,FALSE,TRUE,FALSE,FALSE,FALSE,FALSE,0,0,0.333333333333333,0,0,0,0.333333333333333,0.333333333333333,0,0,0
1936,Romeo and Juliet,FALSE,FALSE,FALSE,TRUE,FALSE,FALSE,0,0,0,0,0.5,0,0,0.5,0,0,0
1936,San Francisco,FALSE,TRUE,TRUE,FALSE,TRUE,FALSE,0,0,0,0,0.333333333333333,0,0.333333333333333,0.333333333333333,0,0,0
1936,Mr. Deeds Goes to Town,FALSE,TRUE,TRUE,FALSE,TRUE,FALSE,0,0,0.333333333333333,0,0.333333333333333,0,0,0.333333333333333,0,0,0
1936,Dodsworth,FALSE,TRUE,TRUE,FALSE,TRUE,FALSE,0,0,0,0,0.5,0,0,0.5,0,0,0
1936,The Story of Louis Pasteur,FALSE,TRUE,FALSE,FALSE,TRUE,FALSE,0,0.333333333333333,0,0,0.333333333333333,0.333333333333333,0,0,0,0,0
1936,Anthony Adverse,FALSE,FALSE,FALSE,FALSE,FALSE,TRUE,0.333333333333333,0,0,0,0.333333333333333,0,0,0.333333333333333,0,0,0
1936,A Tale of Two Cities,FALSE,FALSE,FALSE,FALSE,FALSE,TRUE,0,0,0,0,0.333333333333333,0.333333333333333,0,0.333333333333333,0,0,0
1936,Libeled Lady,FALSE,FALSE,FALSE,FALSE,FALSE,FALSE,0,0,0.5,0,0,0,0,0.5,0,0,0
1937,The Life of Emile Zola,TRUE,TRUE,TRUE,FALSE,TRUE,FALSE,0,0.5,0,0,0.5,0,0,0,0,0,0
1937,A Star Is Born,FALSE,TRUE,TRUE,TRUE,TRUE,FALSE,0,0,0,0,1,0,0,0,0,0,0
1937,Stage Door,FALSE,TRUE,TRUE,FALSE,FALSE,FALSE,0,0,0.5,0,0.5,0,0,0,0,0,0
1937,One Hundred Men and a Girl,FALSE,TRUE,FALSE,FALSE,FALSE,TRUE,0,0,0.5,0,0,0,0,0,0,0,0.5
1937,The Awful Truth,FALSE,TRUE,TRUE,TRUE,FALSE,TRUE,0,0,0.5,0,0,0,0,0.5,0,0,0
1937,In Old Chicago,FALSE,TRUE,FALSE,FALSE,FALSE,FALSE,0,0,0,0,0.25,0,0.25,0.25,0,0,0.25
1937,Captains Courageous,FALSE,TRUE,FALSE,FALSE,TRUE,TRUE,0.333333333333333,0,0,0,0.333333333333333,0,0,0,0,0,0.333333333333333
1937,Lost Horizon,FALSE,FALSE,FALSE,FALSE,FALSE,TRUE,0.25,0,0,0,0.25,0,0,0,0,0,0.5
1937,The Good Earth,FALSE,FALSE,TRUE,TRUE,FALSE,TRUE,0,0,0,0,0.5,0,0,0.5,0,0,0
1937,Dead End,FALSE,FALSE,FALSE,FALSE,FALSE,FALSE,0,0,0,0.333333333333333,0.333333333333333,0,0,0,0,0,0.333333333333333
1938,You Can't Take It with You,TRUE,TRUE,TRUE,FALSE,FALSE,TRUE,0,0,0.333333333333333,0,0.333333333333333,0,0,0.333333333333333,0,0,0
1938,The Adventures of Robin Hood,FALSE,FALSE,FALSE,FALSE,FALSE,TRUE,0.333333333333333,0,0,0,0,0,0,0.333333333333333,0,0,0.333333333333333
1938,Test Pilot,FALSE,TRUE,FALSE,FALSE,FALSE,TRUE,0,0,0,0,0.5,0,0,0.5,0,0,0
1938,Grand Illusion,FALSE,FALSE,FALSE,FALSE,FALSE,FALSE,0,0,0,0,0.5,0,0,0,0,0.5,0
1938,Boys Town,FALSE,TRUE,TRUE,FALSE,TRUE,FALSE,0,0.5,0,0,0.5,0,0,0,0,0,0
1938,Pygmalion,FALSE,TRUE,FALSE,TRUE,TRUE,FALSE,0,0,0.333333333333333,0,0.333333333333333,0,0,0.333333333333333,0,0,0
1938,Four Daughters,FALSE,TRUE,TRUE,FALSE,FALSE,FALSE,0,0,0,0,0.333333333333333,0,0,0.333333333333333,0,0,0.333333333333333
1938,Jezebel,FALSE,FALSE,FALSE,TRUE,FALSE,FALSE,0,0,0,0,0.5,0,0,0.5,0,0,0
1938,Alexander's Ragtime Band,FALSE,TRUE,FALSE,FALSE,FALSE,TRUE,0,0,0,0,0.333333333333333,0,0.333333333333333,0.333333333333333,0,0,0
1938,The Citadel,FALSE,TRUE,TRUE,FALSE,TRUE,FALSE,0,0,0,0,1,0,0,0,0,0,0
1939,Gone with the Wind,TRUE,TRUE,TRUE,TRUE,TRUE,TRUE,0,0,0,0,0.333333333333333,0,0,0.333333333333333,0,0.333333333333333,0
1939,Of Mice and Men,FALSE,FALSE,FALSE,FALSE,FALSE,FALSE,0,0,0,0,1,0,0,0,0,0,0
1939,Stagecoach,FALSE,FALSE,TRUE,FALSE,FALSE,TRUE,0.5,0,0,0,0,0,0,0,0,0,0.5
1939,Wuthering Heights,FALSE,TRUE,TRUE,FALSE,TRUE,FALSE,0,0,0,0,0.5,0,0,0.5,0,0,0
1939,Ninotchka,FALSE,TRUE,FALSE,TRUE,FALSE,FALSE,0,0,0.5,0,0,0,0,0.5,0,0,0
1939,The Wizard of Oz,FALSE,FALSE,FALSE,FALSE,FALSE,FALSE,0.25,0,0,0,0,0,0.25,0,0,0,0.5
1939,Dark Victory,FALSE,FALSE,FALSE,TRUE,FALSE,FALSE,0,0,0,0,0.5,0,0,0.5,0,0,0
1939,Mr. Smith Goes to Washington,FALSE,TRUE,TRUE,FALSE,TRUE,TRUE,0,0,0,0,1,0,0,0,0,0,0
1939,"Goodbye, Mr. Chips",FALSE,TRUE,TRUE,TRUE,TRUE,TRUE,0,0,0,0,0.5,0,0,0.5,0,0,0
1939,Love Affair,FALSE,TRUE,FALSE,TRUE,FALSE,FALSE,0,0,0.333333333333333,0,0.333333333333333,0,0,0.333333333333333,0,0,0
1940,Rebecca,TRUE,TRUE,TRUE,TRUE,TRUE,TRUE,0,0,0,0,0,0,0,0,0.5,0,0.5
1940,The Letter,FALSE,FALSE,TRUE,TRUE,FALSE,TRUE,0,0,0,0.25,0.25,0,0,0,0,0,0.5
1940,Our Town,FALSE,FALSE,FALSE,TRUE,FALSE,FALSE,0,0,0,0,0.5,0,0,0.5,0,0,0
1940,The Philadelphia Story,FALSE,TRUE,TRUE,TRUE,TRUE,FALSE,0,0,0.5,0,0,0,0,0.5,0,0,0
1940,The Long Voyage Home,FALSE,TRUE,FALSE,FALSE,FALSE,TRUE,0,0,0,0,0.333333333333333,0,0,0,0,0.333333333333333,0.333333333333333
1940,Foreign Correspondent,FALSE,TRUE,FALSE,FALSE,FALSE,FALSE,0,0,0,0,0,0,0,0.25,0.25,0.25,0.25
1940,The Grapes of Wrath,FALSE,TRUE,TRUE,FALSE,TRUE,TRUE,0,0,0,0,1,0,0,0,0,0,0
1940,Kitty Foyle,FALSE,TRUE,TRUE,TRUE,FALSE,FALSE,0,0,0,0,0.5,0,0,0.5,0,0,0
1940,The Great Dictator,FALSE,TRUE,FALSE,FALSE,TRUE,FALSE,0,0,0.333333333333333,0,0.333333333333333,0,0,0,0,0.333333333333333,0
1940,"All This, and Heaven Too",FALSE,FALSE,FALSE,FALSE,FALSE,FALSE,0,0,0,0,0.5,0,0,0.5,0,0,0
1941,How Green Was My Valley,TRUE,TRUE,TRUE,FALSE,FALSE,TRUE,0,0,0,0,0.5,0,0,0,0,0,0.5
1941,Suspicion,FALSE,FALSE,FALSE,TRUE,FALSE,FALSE,0,0,0,0,0,0,0,0,0.5,0,0.5
1941,Blossoms in the Dust,FALSE,FALSE,FALSE,TRUE,FALSE,FALSE,0,0.333333333333333,0,0,0.333333333333333,0,0,0.333333333333333,0,0,0
1941,The Maltese Falcon,FALSE,TRUE,FALSE,FALSE,FALSE,FALSE,0,0,0,0.25,0.25,0,0,0,0,0,0.5
1941,Sergeant York,FALSE,TRUE,TRUE,FALSE,TRUE,TRUE,0,0.25,0,0,0.25,0.25,0,0,0,0.25,0
1941,Hold Back the Dawn,FALSE,TRUE,FALSE,TRUE,FALSE,FALSE,0,0,0,0,0.5,0,0,0.5,0,0,0
1941,Here Comes Mr. Jordan,FALSE,TRUE,TRUE,FALSE,TRUE,FALSE,0,0,0.333333333333333,0,0,0,0,0.333333333333333,0,0,0.333333333333333
1941,The Little Foxes,FALSE,TRUE,TRUE,TRUE,FALSE,TRUE,0,0,0,0,0.5,0,0,0.5,0,0,0
1941,Citizen Kane,FALSE,TRUE,TRUE,FALSE,TRUE,TRUE,0,0,0,0,0.5,0,0,0,0,0,0.5
1941,One Foot in Heaven,FALSE,FALSE,FALSE,FALSE,FALSE,FALSE,0,0.5,0,0,0.5,0,0,0,0,0,0
1942,Mrs. Miniver,TRUE,TRUE,TRUE,TRUE,TRUE,TRUE,0,0,0,0,0.5,0,0,0,0,0.5,0
1942,Random Harvest,FALSE,TRUE,TRUE,FALSE,TRUE,FALSE,0,0,0,0,0.5,0,0,0.5,0,0,0
1942,Yankee Doodle Dandy,FALSE,TRUE,TRUE,FALSE,TRUE,TRUE,0,0.333333333333333,0,0,0.333333333333333,0,0.333333333333333,0,0,0,0
1942,Wake Island,FALSE,TRUE,TRUE,FALSE,FALSE,FALSE,0,0,0,0,0.333333333333333,0,0,0,0,0.333333333333333,0.333333333333333
1942,The Magnificent Ambersons,FALSE,FALSE,FALSE,FALSE,FALSE,FALSE,0,0,0,0,0.5,0,0,0.5,0,0,0
1942,The Pride of the Yankees,FALSE,TRUE,FALSE,TRUE,TRUE,TRUE,0,0.2,0,0,0.2,0,0,0.2,0,0,0.4
1942,The Pied Piper,FALSE,FALSE,FALSE,FALSE,TRUE,FALSE,0,0,0,0,1,0,0,0,0,0,0
1942,The Invaders,FALSE,TRUE,FALSE,FALSE,FALSE,FALSE,0,0,0,0,0.333333333333333,0,0,0,0.333333333333333,0.333333333333333,0
1942,The Talk of the Town,FALSE,TRUE,FALSE,FALSE,FALSE,TRUE,0,0,0.25,0,0.25,0,0,0.25,0.25,0,0
1942,Kings Row,FALSE,FALSE,TRUE,FALSE,FALSE,FALSE,0,0,0,0,0.333333333333333,0,0,0.333333333333333,0,0,0.333333333333333
1943,Casablanca,TRUE,TRUE,TRUE,FALSE,TRUE,TRUE,0,0,0,0,0.333333333333333,0,0,0.333333333333333,0,0.333333333333333,0
1943,The Song of Bernadette,FALSE,TRUE,TRUE,TRUE,FALSE,TRUE,0,0.5,0,0,0.5,0,0,0,0,0,0
1943,Watch on the Rhine,FALSE,TRUE,FALSE,FALSE,TRUE,FALSE,0,0,0,0,1,0,0,0,0,0,0
1943,The Human Comedy,FALSE,TRUE,TRUE,FALSE,TRUE,FALSE,0,0,0.333333333333333,0,0.333333333333333,0,0,0,0,0,0.333333333333333
1943,The More the Merrier,FALSE,TRUE,TRUE,TRUE,FALSE,FALSE,0,0,0.5,0,0,0,0,0.5,0,0,0
1943,For Whom the Bell Tolls,FALSE,FALSE,FALSE,TRUE,TRUE,TRUE,0.2,0,0,0,0.2,0.2,0,0.2,0,0.2,0
1943,The Ox-Bow Incident,FALSE,FALSE,FALSE,FALSE,FALSE,FALSE,0,0,0,0.333333333333333,0.333333333333333,0,0,0,0,0,0.333333333333333
1943,In Which We Serve,FALSE,TRUE,FALSE,FALSE,FALSE,FALSE,0,0,0,0,0.5,0,0,0,0,0.5,0
1943,Madame Curie,FALSE,FALSE,FALSE,TRUE,TRUE,FALSE,0,0.333333333333333,0,0,0.333333333333333,0,0,0.333333333333333,0,0,0
1943,Heaven Can Wait,FALSE,FALSE,TRUE,FALSE,FALSE,FALSE,0,0,0.25,0,0.25,0,0,0.25,0,0,0.25
1944,Going My Way,TRUE,TRUE,TRUE,FALSE,TRUE,TRUE,0,0,0.25,0,0.25,0,0.25,0,0,0,0.25
1944,Gaslight,FALSE,TRUE,FALSE,TRUE,TRUE,FALSE,0,0,0,0.25,0.25,0,0,0,0.25,0,0.25
1944,Wilson,FALSE,TRUE,TRUE,FALSE,TRUE,TRUE,0,0.2,0,0,0.2,0.2,0,0.2,0,0,0.2
1944,Double Indemnity,FALSE,TRUE,TRUE,TRUE,FALSE,FALSE,0,0,0,0.25,0.25,0,0,0,0.25,0,0.25
1944,Since You Went Away,FALSE,FALSE,FALSE,TRUE,FALSE,TRUE,0,0,0,0,0.333333333333333,0,0,0.333333333333333,0,0.333333333333333,0
1945,The Lost Weekend,TRUE,TRUE,TRUE,FALSE,TRUE,TRUE,0,0,0,0,0.5,0,0,0,0,0,0.5
1945,Mildred Pierce,FALSE,TRUE,FALSE,TRUE,FALSE,FALSE,0,0,0,0.2,0.2,0,0,0.2,0,0,0.4
1945,The Bells of St. Mary's,FALSE,FALSE,TRUE,TRUE,TRUE,TRUE,0,0,0,0,0.5,0,0,0,0,0,0.5
1945,Spellbound,FALSE,FALSE,TRUE,FALSE,FALSE,FALSE,0,0,0,0,0,0,0,0.25,0.25,0,0.5
1945,Anchors Aweigh,FALSE,FALSE,FALSE,FALSE,TRUE,FALSE,0,0,0.25,0,0,0,0.25,0.25,0,0,0.25
1946,The Best Years of Our Lives,TRUE,TRUE,TRUE,FALSE,TRUE,TRUE,0,0,0,0,0.333333333333333,0,0,0.333333333333333,0,0.333333333333333,0
1946,It's a Wonderful Life,FALSE,FALSE,TRUE,FALSE,TRUE,TRUE,0,0,0,0,0.333333333333333,0,0,0,0,0,0.666666666666666
1946,The Razor's Edge,FALSE,FALSE,FALSE,FALSE,FALSE,FALSE,0,0,0,0,0.5,0,0,0,0,0,0.5
1946,The Yearling,FALSE,FALSE,TRUE,TRUE,TRUE,TRUE,0,0,0,0,0.5,0,0,0,0,0,0.5
1946,Henry V,FALSE,FALSE,FALSE,FALSE,TRUE,FALSE,0,0.25,0,0,0.25,0.25,0,0,0,0.25,0
1947,Gentleman's Agreement,TRUE,TRUE,TRUE,TRUE,TRUE,TRUE,0,0,0,0,1,0,0,0,0,0,0
1947,The Bishop's Wife,FALSE,FALSE,TRUE,FALSE,FALSE,TRUE,0,0,0.25,0,0.25,0,0,0.25,0,0,0.25
1947,Miracle on 34th Street,FALSE,TRUE,FALSE,FALSE,FALSE,FALSE,0,0,0.333333333333333,0,0.333333333333333,0,0,0,0,0,0.333333333333333
1947,Crossfire,FALSE,TRUE,TRUE,FALSE,FALSE,FALSE,0,0,0,0.25,0.25,0,0,0,0,0,0.5
1947,Great Expectations,FALSE,TRUE,TRUE,FALSE,FALSE,FALSE,0,0,0,0,1,0,0,0,0,0,0
1948,Hamlet,TRUE,FALSE,TRUE,FALSE,TRUE,FALSE,0,0,0,0,1,0,0,0,0,0,0
1948,The Treasure of the Sierra Madre,FALSE,TRUE,TRUE,FALSE,FALSE,FALSE,0.25,0,0,0,0.25,0,0,0,0,0,0.5
1948,The Snake Pit,FALSE,TRUE,TRUE,TRUE,FALSE,FALSE,0,0,0,0,0.5,0,0,0,0,0,0.5
1948,The Red Shoes,FALSE,TRUE,FALSE,FALSE,FALSE,TRUE,0,0,0,0,0.333333333333333,0,0,0.333333333333333,0,0,0.333333333333333
1948,Johnny Belinda,FALSE,TRUE,TRUE,TRUE,TRUE,TRUE,0,0,0,0,1,0,0,0,0,0,0
1949,All the King's Men,TRUE,TRUE,TRUE,FALSE,TRUE,TRUE,0,0,0,0,1,0,0,0,0,0,0
1949,A Letter to Three Wives,FALSE,TRUE,TRUE,FALSE,FALSE,FALSE,0,0,0,0,0.5,0,0,0.5,0,0,0
1949,The Heiress,FALSE,FALSE,TRUE,TRUE,FALSE,FALSE,0,0,0,0,0.5,0,0,0.5,0,0,0
1949,Battleground,FALSE,TRUE,TRUE,FALSE,FALSE,TRUE,0,0,0,0,0.333333333333333,0,0,0,0,0.333333333333333,0.333333333333333
1949,Twelve O'Clock High,FALSE,FALSE,FALSE,FALSE,TRUE,FALSE,0,0,0,0,0.5,0,0,0,0,0.5,0
1950,All about Eve,TRUE,TRUE,TRUE,TRUE,FALSE,TRUE,0,0,0.5,0,0.5,0,0,0,0,0,0
1950,King Solomon's Mines,FALSE,FALSE,FALSE,FALSE,FALSE,TRUE,0.333333333333333,0,0,0,0,0,0,0.333333333333333,0,0,0.333333333333333
1950,Born Yesterday,FALSE,TRUE,TRUE,TRUE,FALSE,FALSE,0,0,0.333333333333333,0,0.333333333333333,0,0,0.333333333333333,0,0,0
1950,Father of the Bride,FALSE,TRUE,FALSE,FALSE,TRUE,FALSE,0,0,0.5,0,0,0,0,0.5,0,0,0
1950,Sunset Blvd.,FALSE,TRUE,TRUE,TRUE,TRUE,TRUE,0,0,0,0,0.5,0,0,0,0,0,0.5
1951,An American in Paris,TRUE,TRUE,TRUE,FALSE,FALSE,TRUE,0,0,0,0,0,0,0.5,0.5,0,0,0
1951,Quo Vadis,FALSE,FALSE,FALSE,FALSE,FALSE,TRUE,0,0.25,0,0,0.25,0.25,0,0.25,0,0,0
1951,A Streetcar Named Desire,FALSE,TRUE,TRUE,TRUE,TRUE,FALSE,0,0,0,0,1,0,0,0,0,0,0
1951,A Place in the Sun,FALSE,TRUE,TRUE,TRUE,TRUE,TRUE,0,0,0,0,0.5,0,0,0.5,0,0,0
1951,Decision before Dawn,FALSE,FALSE,FALSE,FALSE,FALSE,TRUE,0,0,0,0,0.5,0,0,0,0,0.5,0
1952,The Greatest Show on Earth,TRUE,TRUE,TRUE,FALSE,FALSE,TRUE,0,0,0,0,0.333333333333333,0,0,0.333333333333333,0,0,0.333333333333333
1952,Ivanhoe,FALSE,FALSE,FALSE,FALSE,FALSE,FALSE,0.25,0,0,0,0.25,0.25,0,0.25,0,0,0
1952,High Noon,FALSE,TRUE,TRUE,FALSE,TRUE,TRUE,0,0,0,0,0.333333333333333,0,0,0,0,0,0.666666666666666
1952,The Quiet Man,FALSE,TRUE,TRUE,FALSE,FALSE,FALSE,0,0,0.333333333333333,0,0.333333333333333,0,0,0.333333333333333,0,0,0
1952,Moulin Rouge,FALSE,FALSE,TRUE,FALSE,TRUE,TRUE,0,0.25,0,0,0.25,0,0,0.25,0,0,0.25
1953,From Here to Eternity,TRUE,TRUE,TRUE,TRUE,TRUE,TRUE,0,0,0,0,0.333333333333333,0,0,0.333333333333333,0,0.333333333333333,0
1953,Roman Holiday,FALSE,TRUE,TRUE,TRUE,FALSE,TRUE,0,0,0.5,0,0,0,0,0.5,0,0,0
1953,The Robe,FALSE,FALSE,FALSE,FALSE,TRUE,FALSE,0,0,0,0,0.5,0.5,0,0,0,0,0
1953,Julius Caesar,FALSE,FALSE,FALSE,FALSE,TRUE,FALSE,0,0,0,0,0.5,0.5,0,0,0,0,0
1953,Shane,FALSE,TRUE,TRUE,FALSE,FALSE,FALSE,0,0,0,0,0.333333333333333,0,0,0.333333333333333,0,0,0.333333333333333
1954,On the Waterfront,TRUE,TRUE,TRUE,FALSE,TRUE,TRUE,0,0,0,0.5,0.5,0,0,0,0,0,0
1954,Seven Brides for Seven Brothers,FALSE,TRUE,FALSE,FALSE,FALSE,TRUE,0,0,0.2,0,0.2,0,0.2,0.2,0,0,0.2
1954,The Country Girl,FALSE,TRUE,TRUE,TRUE,TRUE,FALSE,0,0,0,0,0.5,0,0,0,0,0,0.5
1954,Three Coins in the Fountain,FALSE,FALSE,FALSE,FALSE,FALSE,FALSE,0,0,0,0,1,0,0,0,0,0,0
1954,The Caine Mutiny,FALSE,TRUE,FALSE,FALSE,TRUE,TRUE,0,0,0,0,0.5,0,0,0,0,0.5,0
1955,Marty,TRUE,TRUE,TRUE,FALSE,TRUE,FALSE,0,0,0,0,0.5,0,0,0.5,0,0,0
1955,The Rose Tattoo,FALSE,FALSE,FALSE,TRUE,FALSE,TRUE,0,0,0.333333333333333,0,0.333333333333333,0,0,0.333333333333333,0,0,0
1955,Mister Roberts,FALSE,FALSE,FALSE,FALSE,FALSE,FALSE,0,0,0.333333333333333,0,0.333333333333333,0,0,0,0,0.333333333333333,0
1955,Love Is a Many-Splendored Thing,FALSE,FALSE,FALSE,TRUE,FALSE,FALSE,0,0.25,0,0,0.25,0,0,0.25,0,0.25,0
1955,Picnic,FALSE,FALSE,TRUE,FALSE,FALSE,TRUE,0,0,0,0,0.5,0,0,0.5,0,0,0
1956,Around the World in 80 Days,TRUE,TRUE,TRUE,FALSE,FALSE,TRUE,0.25,0,0.25,0,0,0,0,0.25,0,0,0.25
1956,Friendly Persuasion,FALSE,TRUE,TRUE,FALSE,FALSE,FALSE,0,0,0,0,0.333333333333333,0,0,0,0,0.333333333333333,0.333333333333333
1956,Giant,FALSE,TRUE,TRUE,FALSE,TRUE,TRUE,0,0,0,0,1,0,0,0,0,0,0
1956,The King and I,FALSE,FALSE,TRUE,TRUE,TRUE,FALSE,0,0.25,0,0,0.25,0,0.25,0.25,0,0,0
1956,The Ten Commandments,FALSE,FALSE,FALSE,FALSE,FALSE,TRUE,0.25,0.25,0,0,0.25,0.25,0,0,0,0,0
1957,The Bridge on the River Kwai,TRUE,TRUE,TRUE,FALSE,TRUE,TRUE,0.333333333333333,0,0,0,0.333333333333333,0,0,0,0,0.333333333333333,0
1957,Witness for the Prosecution,FALSE,FALSE,TRUE,FALSE,TRUE,TRUE,0,0,0,0,0.5,0,0,0,0,0,0.5
1957,Sayonara,FALSE,TRUE,TRUE,FALSE,TRUE,TRUE,0,0,0,0,0.5,0,0,0.5,0,0,0
1957,12 Angry Men,FALSE,TRUE,TRUE,FALSE,FALSE,FALSE,0,0,0,0.5,0.5,0,0,0,0,0,0
1957,Peyton Place,FALSE,TRUE,TRUE,TRUE,FALSE,FALSE,0,0,0,0,0.5,0,0,0.5,0,0,0
1958,Gigi,TRUE,TRUE,TRUE,FALSE,FALSE,TRUE,0,0,0.333333333333333,0,0,0,0.333333333333333,0.333333333333333,0,0,0
1958,Cat on a Hot Tin Roof,FALSE,TRUE,TRUE,TRUE,TRUE,FALSE,0,0,0,0,0.5,0,0,0.5,0,0,0
1958,The Defiant Ones,FALSE,TRUE,TRUE,FALSE,TRUE,TRUE,0,0,0,0.5,0.5,0,0,0,0,0,0
1958,Auntie Mame,FALSE,FALSE,FALSE,TRUE,FALSE,TRUE,0,0,0.333333333333333,0,0.333333333333333,0,0,0.333333333333333,0,0,0
1958,Separate Tables,FALSE,TRUE,FALSE,TRUE,TRUE,FALSE,0,0,0,0,0.5,0,0,0.5,0,0,0
1959,Ben-Hur,TRUE,TRUE,TRUE,FALSE,TRUE,TRUE,0.333333333333333,0,0,0,0.333333333333333,0,0,0,0,0.333333333333333,0
1959,The Nun's Story,FALSE,TRUE,TRUE,TRUE,FALSE,TRUE,0,0,0,0,1,0,0,0,0,0,0
1959,The Diary of Anne Frank,FALSE,FALSE,TRUE,FALSE,FALSE,FALSE,0,0.2,0,0,0.2,0.2,0,0,0,0.2,0.2
1959,Room at the Top,FALSE,TRUE,TRUE,TRUE,TRUE,FALSE,0,0,0,0,0.5,0,0,0.5,0,0,0
1959,Anatomy of a Murder,FALSE,TRUE,FALSE,FALSE,TRUE,TRUE,0,0,0,0.25,0.25,0,0,0,0.25,0,0.25
1960,The Apartment,TRUE,TRUE,TRUE,TRUE,TRUE,TRUE,0,0,0.333333333333333,0,0.333333333333333,0,0,0.333333333333333,0,0,0
1960,The Sundowners,FALSE,TRUE,TRUE,TRUE,FALSE,FALSE,0.5,0,0,0,0.5,0,0,0,0,0,0
1960,Elmer Gantry,FALSE,TRUE,FALSE,FALSE,TRUE,FALSE,0,0,0,0,1,0,0,0,0,0,0
1960,Sons and Lovers,FALSE,TRUE,TRUE,FALSE,TRUE,FALSE,0,0,0,0,1,0,0,0,0,0,0
1960,The Alamo,FALSE,FALSE,FALSE,FALSE,FALSE,TRUE,0.2,0,0,0,0.2,0.2,0,0,0,0.2,0.2
1961,West Side Story,TRUE,TRUE,TRUE,FALSE,FALSE,TRUE,0,0,0,0.2,0.2,0,0.2,0.2,0.2,0,0
1961,The Guns of Navarone,FALSE,TRUE,TRUE,FALSE,FALSE,TRUE,0.25,0,0,0,0.25,0,0,0,0,0.25,0.25
1961,The Hustler,FALSE,TRUE,TRUE,TRUE,TRUE,FALSE,0,0,0,0,0.5,0,0,0,0,0,0.5
1961,Judgment at Nuremberg,FALSE,TRUE,TRUE,FALSE,TRUE,TRUE,0,0,0,0,0.333333333333333,0.333333333333333,0,0,0,0.333333333333333,0
1961,Fanny,FALSE,FALSE,FALSE,FALSE,TRUE,TRUE,0,0,0,0,0.5,0,0,0.5,0,0,0
1962,Lawrence of Arabia,TRUE,TRUE,TRUE,FALSE,TRUE,TRUE,0.2,0.2,0,0,0.2,0.2,0,0,0,0.2,0
1962,Meredith Willson's The Music Man,FALSE,FALSE,FALSE,FALSE,FALSE,TRUE,0,0,0.333333333333333,0,0,0,0.333333333333333,0.333333333333333,0,0,0
1962,To Kill a Mockingbird,FALSE,TRUE,TRUE,FALSE,TRUE,FALSE,0,0,0,0,1,0,0,0,0,0,0
1962,The Longest Day,FALSE,FALSE,FALSE,FALSE,FALSE,TRUE,0,0,0,0,0.25,0.25,0,0,0,0.25,0.25
1962,Mutiny on the Bounty,FALSE,FALSE,FALSE,FALSE,FALSE,TRUE,0.25,0,0,0,0.25,0.25,0,0.25,0,0,0
1963,Tom Jones,TRUE,TRUE,TRUE,FALSE,TRUE,FALSE,0.333333333333333,0,0.333333333333333,0,0,0.333333333333333,0,0,0,0,0
1963,Lilies of the Field,FALSE,TRUE,FALSE,FALSE,TRUE,FALSE,0,0,0,0,1,0,0,0,0,0,0
1963,America America,FALSE,TRUE,TRUE,FALSE,FALSE,FALSE,0,0,0,0,1,0,0,0,0,0,0
1963,How the West Was Won,FALSE,TRUE,FALSE,FALSE,FALSE,TRUE,0,0,0,0,0,0,0,0,0,0,1
1963,Cleopatra,FALSE,FALSE,FALSE,FALSE,TRUE,TRUE,0.2,0,0.2,0,0.2,0.2,0,0.2,0,0,0
1964,My Fair Lady,TRUE,TRUE,TRUE,FALSE,TRUE,TRUE,0,0,0,0,0.25,0,0.25,0.25,0,0,0.25
1964,Zorba the Greek,FALSE,TRUE,TRUE,FALSE,TRUE,FALSE,0.5,0,0,0,0.5,0,0,0,0,0,0
1964,Becket,FALSE,TRUE,TRUE,FALSE,TRUE,TRUE,0,0.333333333333333,0,0,0.333333333333333,0.333333333333333,0,0,0,0,0
1964,Mary Poppins,FALSE,TRUE,TRUE,TRUE,FALSE,TRUE,0,0,0.25,0,0,0,0.25,0,0,0,0.5
1964,Dr. Strangelove or: How I Learned to Stop Worrying and Love the Bomb,FALSE,TRUE,TRUE,FALSE,TRUE,FALSE,0,0,0.5,0,0,0,0,0,0,0.5,0
1965,The Sound of Music,TRUE,FALSE,TRUE,TRUE,FALSE,TRUE,0,0.2,0,0,0.2,0,0.2,0.2,0,0,0.2
1965,Doctor Zhivago,FALSE,TRUE,TRUE,FALSE,FALSE,TRUE,0,0,0,0,0.333333333333333,0,0,0.333333333333333,0,0.333333333333333,0
1965,Ship of Fools,FALSE,TRUE,FALSE,TRUE,TRUE,FALSE,0,0,0,0,0.333333333333333,0,0,0.333333333333333,0,0.333333333333333,0
1965,Darling,FALSE,TRUE,TRUE,TRUE,FALSE,FALSE,0,0,0,0,0.5,0,0,0.5,0,0,0
1965,A Thousand Clowns,FALSE,TRUE,FALSE,FALSE,FALSE,FALSE,0,0,0.333333333333333,0,0.333333333333333,0,0,0.333333333333333,0,0,0
1966,A Man for All Seasons,TRUE,TRUE,TRUE,FALSE,TRUE,FALSE,0,0.333333333333333,0,0,0.333333333333333,0.333333333333333,0,0,0,0,0
1966,Alfie,FALSE,TRUE,FALSE,FALSE,TRUE,FALSE,0,0,0.5,0,0.5,0,0,0,0,0,0
1966,Who's Afraid of Virginia Woolf?,FALSE,TRUE,TRUE,TRUE,TRUE,TRUE,0,0,0,0,1,0,0,0,0,0,0
1966,The Sand Pebbles,FALSE,FALSE,FALSE,FALSE,TRUE,TRUE,0.25,0,0,0,0.25,0,0,0.25,0,0.25,0
1966,The Russians Are Coming The Russians Are Coming,FALSE,TRUE,FALSE,FALSE,TRUE,TRUE,0,0,0.5,0,0,0,0,0,0,0.5,0
1967,In the Heat of the Night,TRUE,TRUE,TRUE,FALSE,TRUE,TRUE,0,0,0,0.25,0.25,0,0,0,0.25,0,0.25
1967,Doctor Dolittle,FALSE,FALSE,FALSE,FALSE,FALSE,TRUE,0.166666666666667,0,0.166666666666667,0,0,0,0.166666666666667,0.166666666666667,0,0,0.333333333333334
1967,Guess Who's Coming to Dinner,FALSE,TRUE,TRUE,TRUE,TRUE,TRUE,0,0,0.5,0,0.5,0,0,0,0,0,0
1967,The Graduate,FALSE,TRUE,TRUE,TRUE,TRUE,FALSE,0,0,0.333333333333333,0,0.333333333333333,0,0,0.333333333333333,0,0,0
1967,Bonnie and Clyde,FALSE,TRUE,TRUE,TRUE,TRUE,FALSE,0,0.333333333333333,0,0.333333333333333,0.333333333333333,0,0,0,0,0,0
1968,Oliver!,TRUE,TRUE,TRUE,FALSE,TRUE,TRUE,0,0,0,0,0.333333333333333,0,0.333333333333333,0,0,0,0.333333333333333
1968,Romeo and Juliet,FALSE,FALSE,TRUE,FALSE,FALSE,FALSE,0,0,0,0,0.5,0,0,0.5,0,0,0
1968,The Lion in Winter,FALSE,TRUE,TRUE,TRUE,TRUE,FALSE,0,0.333333333333333,0,0,0.333333333333333,0.333333333333333,0,0,0,0,0
1968,"Rachel, Rachel",FALSE,TRUE,FALSE,TRUE,FALSE,FALSE,0,0,0,0,0.5,0,0,0.5,0,0,0
1968,Funny Girl,FALSE,FALSE,FALSE,TRUE,FALSE,TRUE,0,0.2,0.2,0,0.2,0,0.2,0.2,0,0,0
1969,Midnight Cowboy,TRUE,TRUE,TRUE,FALSE,TRUE,TRUE,0,0,0,0,1,0,0,0,0,0,0
1969,Butch Cassidy and the Sundance Kid,FALSE,TRUE,TRUE,FALSE,FALSE,FALSE,0,0.25,0,0.25,0.25,0,0,0,0,0,0.25
1969,"Hello, Dolly!",FALSE,FALSE,FALSE,FALSE,FALSE,TRUE,0,0,0.333333333333333,0,0,0,0.333333333333333,0.333333333333333,0,0,0
1969,Anne of the Thousand Days,FALSE,TRUE,FALSE,TRUE,TRUE,FALSE,0,0,0,0,0.5,0.5,0,0,0,0,0
1969,Z,FALSE,TRUE,TRUE,FALSE,FALSE,TRUE,0,0,0,0.333333333333333,0.333333333333333,0,0,0,0.333333333333333,0,0
1970,Patton,TRUE,TRUE,TRUE,FALSE,TRUE,TRUE,0,0.333333333333333,0,0,0.333333333333333,0,0,0,0,0.333333333333333,0
1970,Five Easy Pieces,FALSE,TRUE,FALSE,FALSE,TRUE,FALSE,0,0,0,0,1,0,0,0,0,0,0
1970,M*A*S*H,FALSE,TRUE,TRUE,FALSE,FALSE,TRUE,0,0,0.333333333333333,0,0.333333333333333,0,0,0,0,0.333333333333333,0
1970,Love Story,FALSE,TRUE,TRUE,TRUE,TRUE,FALSE,0,0,0,0,0.5,0,0,0.5,0,0,0
1970,Airport,FALSE,TRUE,FALSE,FALSE,FALSE,TRUE,0,0,0,0,0.333333333333333,0,0,0.333333333333333,0.333333333333333,0,0
1971,The French Connection,TRUE,TRUE,TRUE,FALSE,TRUE,TRUE,0,0,0,0.25,0.25,0,0,0,0.25,0,0.25
1971,Fiddler on the Roof,FALSE,FALSE,TRUE,FALSE,TRUE,FALSE,0,0,0,0,0.25,0,0.25,0.25,0,0,0.25
1971,Nicholas and Alexandra,FALSE,FALSE,FALSE,TRUE,FALSE,FALSE,0,0.25,0,0,0.25,0.25,0,0,0,0.25,0
1971,The Last Picture Show,FALSE,TRUE,TRUE,FALSE,FALSE,FALSE,0,0,0,0,1,0,0,0,0,0,0
1971,A Clockwork Orange,FALSE,TRUE,TRUE,FALSE,FALSE,TRUE,0,0,0,0.333333333333333,0.333333333333333,0,0,0,0,0,0.333333333333333
1972,The Godfather,TRUE,TRUE,TRUE,FALSE,TRUE,TRUE,0,0,0,0.5,0.5,0,0,0,0,0,0
1972,Cabaret,FALSE,TRUE,TRUE,TRUE,FALSE,TRUE,0,0,0,0,0.5,0,0.5,0,0,0,0
1972,The Emigrants,FALSE,TRUE,TRUE,TRUE,FALSE,FALSE,0,0,0,0,0.5,0.5,0,0,0,0,0
1972,Sounder,FALSE,TRUE,FALSE,TRUE,TRUE,FALSE,0,0,0,0,0.5,0,0,0,0,0,0.5
1972,Deliverance,FALSE,FALSE,TRUE,FALSE,FALSE,TRUE,0.333333333333333,0,0,0,0.333333333333333,0,0,0,0.333333333333333,0,0
1973,The Sting,TRUE,TRUE,TRUE,FALSE,TRUE,TRUE,0,0,0.333333333333333,0.333333333333333,0.333333333333333,0,0,0,0,0,0
1973,The Exorcist,FALSE,TRUE,TRUE,TRUE,FALSE,TRUE,0,0,0,0,0,0,0,0,0,0,1
1973,American Graffiti,FALSE,TRUE,TRUE,FALSE,FALSE,TRUE,0,0,0.5,0,0.5,0,0,0,0,0,0
1973,A Touch of Class,FALSE,TRUE,FALSE,TRUE,FALSE,FALSE,0,0,0.5,0,0,0,0,0.5,0,0,0
1973,Cries and Whispers,FALSE,TRUE,TRUE,FALSE,FALSE,FALSE,0,0,0,0,1,0,0,0,0,0,0
1974,The Godfather Part II,TRUE,TRUE,TRUE,FALSE,TRUE,FALSE,0,0,0,0.5,0.5,0,0,0,0,0,0
1974,The Towering Inferno,FALSE,FALSE,FALSE,FALSE,FALSE,TRUE,0,0,0,0,0.333333333333333,0,0,0,0.333333333333333,0,0.333333333333333
1974,Lenny,FALSE,TRUE,TRUE,TRUE,TRUE,FALSE,0,0.5,0,0,0.5,0,0,0,0,0,0
1974,The Conversation,FALSE,TRUE,FALSE,FALSE,FALSE,FALSE,0,0,0,0,0.333333333333333,0,0,0,0.333333333333333,0,0.333333333333333
1974,Chinatown,FALSE,TRUE,TRUE,TRUE,TRUE,TRUE,0,0,0,0,0.333333333333333,0,0,0,0.333333333333333,0,0.333333333333333
1975,One Flew over the Cuckoo's Nest,TRUE,TRUE,TRUE,TRUE,TRUE,TRUE,0,0,0,0,1,0,0,0,0,0,0
1975,Jaws,FALSE,FALSE,FALSE,FALSE,FALSE,TRUE,0.5,0,0,0,0,0,0,0,0.5,0,0
1975,Dog Day Afternoon,FALSE,TRUE,TRUE,FALSE,TRUE,TRUE,0,0,0,0.5,0.5,0,0,0,0,0,0
1975,Barry Lyndon,FALSE,TRUE,TRUE,FALSE,FALSE,FALSE,0.25,0,0,0,0.25,0,0,0.25,0,0.25,0
1975,Nashville,FALSE,FALSE,TRUE,FALSE,FALSE,FALSE,0,0,0.333333333333333,0,0.333333333333333,0,0,0,0,0,0.333333333333333
1976,Rocky,TRUE,TRUE,TRUE,TRUE,TRUE,TRUE,0,0,0,0,0.5,0,0,0,0,0,0.5
1976,Network,FALSE,TRUE,TRUE,TRUE,TRUE,TRUE,0,0,0,0,1,0,0,0,0,0,0
1976,Bound for Glory,FALSE,TRUE,FALSE,FALSE,FALSE,TRUE,0,0.333333333333333,0,0,0.333333333333333,0,0,0,0,0,0.333333333333333
1976,Taxi Driver,FALSE,FALSE,FALSE,FALSE,TRUE,FALSE,0,0,0,0.5,0.5,0,0,0,0,0,0
1976,All the President's Men,FALSE,TRUE,TRUE,FALSE,FALSE,TRUE,0,0.25,0,0,0.25,0.25,0,0,0.25,0,0
1977,Annie Hall,TRUE,TRUE,TRUE,TRUE,TRUE,FALSE,0,0,0.5,0,0,0,0,0.5,0,0,0
1977,The Turning Point,FALSE,TRUE,TRUE,TRUE,FALSE,TRUE,0,0,0,0,0.5,0,0,0.5,0,0,0
1977,The Goodbye Girl,FALSE,TRUE,FALSE,TRUE,TRUE,FALSE,0,0,0.333333333333333,0,0.333333333333333,0,0,0.333333333333333,0,0,0
1977,Julia,FALSE,TRUE,TRUE,TRUE,FALSE,TRUE,0,0,0,0,1,0,0,0,0,0,0
1977,Star Wars,FALSE,TRUE,TRUE,FALSE,FALSE,TRUE,0.25,0,0,0,0,0,0,0,0,0,0.75
1978,The Deer Hunter,TRUE,TRUE,TRUE,FALSE,TRUE,TRUE,0,0,0,0,0.5,0,0,0,0,0.5,0
1978,Heaven Can Wait,FALSE,TRUE,TRUE,FALSE,TRUE,FALSE,0,0,0.25,0,0,0,0,0.25,0,0,0.5
1978,Midnight Express,FALSE,TRUE,TRUE,FALSE,FALSE,TRUE,0,0.333333333333333,0,0.333333333333333,0.333333333333333,0,0,0,0,0,0
1978,An Unmarried Woman,FALSE,TRUE,FALSE,TRUE,FALSE,FALSE,0,0,0.333333333333333,0,0.333333333333333,0,0,0.333333333333333,0,0,0
1978,Coming Home,FALSE,TRUE,TRUE,TRUE,TRUE,TRUE,0,0,0,0,0.333333333333333,0,0,0.333333333333333,0,0.333333333333333,0
1979,Kramer vs. Kramer,TRUE,TRUE,TRUE,FALSE,TRUE,TRUE,0,0,0,0,1,0,0,0,0,0,0
1979,Apocalypse Now,FALSE,TRUE,TRUE,FALSE,FALSE,TRUE,0,0,0,0,0.5,0,0,0,0,0.5,0
1979,Norma Rae,FALSE,TRUE,FALSE,TRUE,FALSE,FALSE,0,0,0,0,1,0,0,0,0,0,0
1979,All That Jazz,FALSE,TRUE,TRUE,FALSE,TRUE,TRUE,0,0,0,0,0.333333333333333,0,0.333333333333333,0,0,0,0.333333333333333
1979,Breaking Away,FALSE,TRUE,TRUE,FALSE,FALSE,FALSE,0,0,0.333333333333333,0,0.333333333333333,0,0,0,0,0,0.333333333333333
1980,Ordinary People,TRUE,TRUE,TRUE,TRUE,FALSE,FALSE,0,0,0,0,1,0,0,0,0,0,0
1980,Coal Miner's Daughter,FALSE,TRUE,FALSE,TRUE,FALSE,TRUE,0,0.25,0,0,0.25,0,0.25,0,0,0,0.25
1980,Raging Bull,FALSE,FALSE,TRUE,FALSE,TRUE,TRUE,0,0.333333333333333,0,0,0.333333333333333,0,0,0,0,0,0.333333333333333
1980,The Elephant Man,FALSE,TRUE,TRUE,FALSE,TRUE,TRUE,0,0.5,0,0,0.5,0,0,0,0,0,0
1980,Tess,FALSE,FALSE,TRUE,FALSE,FALSE,FALSE,0,0,0,0,0.5,0,0,0.5,0,0,0
1981,Chariots of Fire,TRUE,TRUE,TRUE,FALSE,FALSE,TRUE,0,0.333333333333333,0,0,0.333333333333333,0,0,0,0,0,0.333333333333333
1981,Reds,FALSE,TRUE,TRUE,TRUE,TRUE,TRUE,0,0.25,0,0,0.25,0.25,0,0.25,0,0,0
1981,On Golden Pond,FALSE,TRUE,TRUE,TRUE,TRUE,TRUE,0,0,0,0,1,0,0,0,0,0,0
1981,Raiders of the Lost Ark,FALSE,FALSE,TRUE,FALSE,FALSE,TRUE,0.5,0,0,0,0,0,0,0,0,0,0.5
1981,Atlantic City,FALSE,TRUE,TRUE,TRUE,TRUE,FALSE,0,0,0,0.333333333333333,0.333333333333333,0,0,0.333333333333333,0,0,0
1982,Gandhi,TRUE,TRUE,TRUE,FALSE,TRUE,TRUE,0,0.333333333333333,0,0,0.333333333333333,0.333333333333333,0,0,0,0,0
1982,Missing,FALSE,TRUE,FALSE,TRUE,TRUE,FALSE,0,0,0,0,0.25,0.25,0,0,0.25,0,0.25
1982,Tootsie,FALSE,TRUE,TRUE,FALSE,TRUE,TRUE,0,0,0.333333333333333,0,0.333333333333333,0,0,0.333333333333333,0,0,0
1982,The Verdict,FALSE,TRUE,TRUE,FALSE,TRUE,FALSE,0,0,0,0,1,0,0,0,0,0,0
1982,E.T. The Extra-Terrestrial,FALSE,TRUE,TRUE,FALSE,FALSE,TRUE,0,0,0,0,0,0,0,0,0,0,1
1983,Terms of Endearment,TRUE,TRUE,TRUE,TRUE,FALSE,TRUE,0,0,0.5,0,0.5,0,0,0,0,0,0
1983,The Dresser,FALSE,TRUE,TRUE,FALSE,TRUE,FALSE,0,0,0,0,1,0,0,0,0,0,0
1983,The Big Chill,FALSE,TRUE,FALSE,FALSE,FALSE,FALSE,0,0,0.5,0,0.5,0,0,0,0,0,0
1983,Tender Mercies,FALSE,TRUE,TRUE,FALSE,TRUE,FALSE,0,0,0,0,0.5,0,0,0,0,0,0.5
1983,The Right Stuff,FALSE,FALSE,FALSE,FALSE,FALSE,TRUE,0.333333333333333,0,0,0,0.333333333333333,0.333333333333333,0,0,0,0,0
1984,Amadeus,TRUE,TRUE,TRUE,FALSE,TRUE,TRUE,0,0.333333333333333,0,0,0.333333333333333,0,0,0,0,0,0.333333333333333
1984,Places in the Heart,FALSE,TRUE,TRUE,TRUE,FALSE,FALSE,0,0,0,0,1,0,0,0,0,0,0
1984,A Soldier's Story,FALSE,TRUE,FALSE,FALSE,FALSE,FALSE,0,0,0,0.25,0.25,0,0,0,0,0.25,0.25
1984,The Killing Fields,FALSE,TRUE,TRUE,FALSE,TRUE,TRUE,0,0,0,0,0.333333333333333,0.333333333333333,0,0,0,0.333333333333333,0
1984,A Passage to India,FALSE,TRUE,TRUE,TRUE,FALSE,TRUE,0.333333333333333,0,0,0,0.333333333333333,0.333333333333333,0,0,0,0,0
1985,Out of Africa,TRUE,TRUE,TRUE,TRUE,FALSE,TRUE,0,0.333333333333333,0,0,0.333333333333333,0,0,0.333333333333333,0,0,0
1985,Kiss of the Spider Woman,FALSE,TRUE,TRUE,FALSE,TRUE,FALSE,0,0,0,0,0.5,0,0,0.5,0,0,0
1985,Witness,FALSE,TRUE,TRUE,FALSE,TRUE,TRUE,0,0,0,0.25,0.25,0,0,0.25,0.25,0,0
1985,The Color Purple,FALSE,TRUE,FALSE,TRUE,FALSE,FALSE,0,0,0,0,1,0,0,0,0,0,0
1985,Prizzi's Honor,FALSE,TRUE,TRUE,FALSE,TRUE,TRUE,0,0,0.25,0.25,0.25,0,0,0.25,0,0,0
1986,Platoon,TRUE,TRUE,TRUE,FALSE,FALSE,TRUE,0,0,0,0,0.5,0,0,0,0,0.5,0
1986,Hannah and Her Sisters,FALSE,TRUE,TRUE,FALSE,FALSE,TRUE,0,0,0.5,0,0.5,0,0,0,0,0,0
1986,The Mission,FALSE,FALSE,TRUE,FALSE,FALSE,TRUE,0.333333333333333,0,0,0,0.333333333333333,0.333333333333333,0,0,0,0,0
1986,Children of a Lesser God,FALSE,TRUE,FALSE,TRUE,TRUE,FALSE,0,0,0,0,0.5,0,0,0.5,0,0,0
1986,A Room with a View,FALSE,TRUE,TRUE,FALSE,FALSE,FALSE,0,0,0,0,0.5,0,0,0.5,0,0,0
1987,The Last Emperor,TRUE,TRUE,TRUE,FALSE,FALSE,TRUE,0,0.333333333333333,0,0,0.333333333333333,0.333333333333333,0,0,0,0,0
1987,Moonstruck,FALSE,TRUE,TRUE,TRUE,FALSE,FALSE,0,0,0.333333333333333,0,0.333333333333333,0,0,0.333333333333333,0,0,0
1987,Broadcast News,FALSE,TRUE,FALSE,TRUE,TRUE,TRUE,0,0,0.333333333333333,0,0.333333333333333,0,0,0.333333333333333,0,0,0
1987,Fatal Attraction,FALSE,TRUE,TRUE,TRUE,FALSE,TRUE,0,0,0,0,0.5,0,0,0,0.5,0,0
1987,Hope and Glory,FALSE,TRUE,TRUE,FALSE,FALSE,FALSE,0,0,0.333333333333333,0,0.333333333333333,0,0,0.333333333333333,0,0,0
1988,Rain Man,TRUE,TRUE,TRUE,FALSE,TRUE,TRUE,0,0,0,0,1,0,0,0,0,0,0
1988,Dangerous Liaisons,FALSE,TRUE,FALSE,TRUE,FALSE,FALSE,0,0,0,0,0.5,0,0,0.5,0,0,0
1988,Working Girl,FALSE,FALSE,TRUE,TRUE,FALSE,FALSE,0,0,0.333333333333333,0,0.333333333333333,0,0,0.333333333333333,0,0,0
1988,Mississippi Burning,FALSE,FALSE,TRUE,FALSE,TRUE,TRUE,0,0,0,0.25,0.25,0,0,0,0.25,0,0.25
1988,The Accidental Tourist,FALSE,TRUE,FALSE,FALSE,FALSE,FALSE,0,0,0,0,0.5,0,0,0.5,0,0,0
1989,Driving Miss Daisy,TRUE,TRUE,FALSE,TRUE,TRUE,TRUE,0,0,0.5,0,0.5,0,0,0,0,0,0
1989,Born on the Fourth of July,FALSE,TRUE,TRUE,FALSE,TRUE,TRUE,0,0.333333333333333,0,0,0.333333333333333,0,0,0,0,0.333333333333333,0
1989,Dead Poets Society,FALSE,TRUE,TRUE,FALSE,TRUE,FALSE,0,0,0.5,0,0.5,0,0,0,0,0,0
1989,My Left Foot,FALSE,TRUE,TRUE,FALSE,TRUE,FALSE,0,0.5,0,0,0.5,0,0,0,0,0,0
1989,Field of Dreams,FALSE,TRUE,FALSE,FALSE,FALSE,FALSE,0,0,0,0,0.25,0,0,0,0,0,0.75
1990,Dances With Wolves,TRUE,TRUE,TRUE,FALSE,TRUE,TRUE,0.333333333333333,0,0,0,0.333333333333333,0,0,0,0,0,0.333333333333333
1990,Awakenings,FALSE,TRUE,FALSE,FALSE,TRUE,FALSE,0,0.5,0,0,0.5,0,0,0,0,0,0
1990,Ghost,FALSE,TRUE,FALSE,FALSE,FALSE,TRUE,0,0,0,0,0.25,0,0,0.25,0.25,0,0.25
1990,Good Fellas,FALSE,TRUE,TRUE,FALSE,FALSE,TRUE,0,0.333333333333333,0,0.333333333333333,0.333333333333333,0,0,0,0,0,0
1990,"The Godfather, Part III",FALSE,FALSE,TRUE,FALSE,FALSE,TRUE,0,0,0,0.5,0.5,0,0,0,0,0,0
1991,The Silence of the Lambs,TRUE,TRUE,TRUE,TRUE,TRUE,TRUE,0,0,0,0.333333333333333,0.333333333333333,0,0,0,0.333333333333333,0,0
1991,The Prince of Tides,FALSE,TRUE,FALSE,FALSE,TRUE,FALSE,0,0,0,0,1,0,0,0,0,0,0
1991,JFK,FALSE,TRUE,TRUE,FALSE,FALSE,TRUE,0,0,0,0,0.333333333333333,0.333333333333333,0,0,0.333333333333333,0,0
1991,Beauty and the Beast,FALSE,FALSE,FALSE,FALSE,FALSE,FALSE,0,0,0,0,0,0,0.2,0.2,0,0,0.6000000000000001
1991,Bugsy,FALSE,TRUE,TRUE,FALSE,TRUE,FALSE,0,0.333333333333333,0,0.333333333333333,0.333333333333333,0,0,0,0,0,0
1992,Unforgiven,TRUE,TRUE,TRUE,FALSE,TRUE,TRUE,0,0,0,0,0,0,0,0,0,0,1
1992,Howards End,FALSE,TRUE,TRUE,TRUE,FALSE,FALSE,0,0,0,0,0.5,0,0,0.5,0,0,0
1992,A Few Good Men,FALSE,FALSE,FALSE,FALSE,FALSE,TRUE,0,0,0,0,0.5,0,0,0,0.5,0,0
1992,The Crying Game,FALSE,TRUE,TRUE,FALSE,TRUE,TRUE,0,0,0,0.25,0.25,0,0,0.25,0.25,0,0
1992,Scent of a Woman,FALSE,TRUE,TRUE,FALSE,TRUE,FALSE,0,0,0,0,1,0,0,0,0,0,0
1993,Schindler's List,TRUE,TRUE,TRUE,FALSE,TRUE,TRUE,0,0.333333333333333,0,0,0.333333333333333,0.333333333333333,0,0,0,0,0
1993,In the Name of the Father,FALSE,TRUE,TRUE,FALSE,TRUE,TRUE,0,0.333333333333333,0,0,0.333333333333333,0.333333333333333,0,0,0,0,0
1993,The Remains of the Day,FALSE,TRUE,TRUE,TRUE,TRUE,FALSE,0,0,0,0,0.5,0,0,0.5,0,0,0
1993,The Fugitive,FALSE,FALSE,FALSE,FALSE,FALSE,TRUE,0.166666666666667,0,0,0.166666666666667,0.166666666666667,0,0,0,0.166666666666667,0,0.333333333333334
1993,The Piano,FALSE,TRUE,TRUE,TRUE,FALSE,TRUE,0,0,0,0,0.333333333333333,0,0,0.333333333333333,0,0,0.333333333333333
1994,Forrest Gump,TRUE,TRUE,TRUE,FALSE,TRUE,TRUE,0,0,0,0,0.5,0,0,0.5,0,0,0
1994,Four Weddings and a Funeral,FALSE,TRUE,FALSE,FALSE,FALSE,FALSE,0,0,0.333333333333333,0,0.333333333333333,0,0,0.333333333333333,0,0,0
1994,The Shawshank Redemption,FALSE,TRUE,FALSE,FALSE,TRUE,TRUE,0,0,0,0.5,0.5,0,0,0,0,0,0
1994,Pulp Fiction,FALSE,TRUE,TRUE,FALSE,TRUE,TRUE,0,0,0,0.5,0.5,0,0,0,0,0,0
1994,Quiz Show,FALSE,TRUE,TRUE,FALSE,FALSE,FALSE,0,0,0,0,0.5,0.5,0,0,0,0,0
1995,Braveheart,TRUE,TRUE,TRUE,FALSE,FALSE,TRUE,0,0.25,0,0,0.25,0.25,0,0,0,0.25,0
1995,Apollo 13,FALSE,TRUE,FALSE,FALSE,FALSE,TRUE,0.5,0,0,0,0.5,0,0,0,0,0,0
1995,Babe,FALSE,TRUE,TRUE,FALSE,FALSE,TRUE,0,0,0.333333333333333,0,0.333333333333333,0,0,0,0,0,0.333333333333333
1995,Sense and Sensibility,FALSE,TRUE,FALSE,TRUE,FALSE,FALSE,0,0,0,0,0.5,0,0,0.5,0,0,0
1995,The Postman (Il Postino),FALSE,TRUE,TRUE,FALSE,TRUE,FALSE,0,0.25,0.25,0,0.25,0,0,0.25,0,0,0
1996,The English Patient,TRUE,TRUE,TRUE,TRUE,TRUE,TRUE,0,0,0,0,0.333333333333333,0,0,0.333333333333333,0,0.333333333333333,0
1996,Secrets & Lies,FALSE,TRUE,TRUE,TRUE,FALSE,FALSE,0,0,0,0,1,0,0,0,0,0,0
1996,Fargo,FALSE,TRUE,TRUE,TRUE,FALSE,TRUE,0,0,0,0.333333333333333,0.333333333333333,0,0,0,0.333333333333333,0,0
1996,Shine,FALSE,TRUE,TRUE,FALSE,TRUE,TRUE,0,0.25,0,0,0.25,0,0,0.25,0,0,0.25
1996,Jerry Maguire,FALSE,TRUE,FALSE,FALSE,TRUE,TRUE,0,0,0.25,0,0.25,0,0,0.25,0,0,0.25
1997,Titanic,TRUE,FALSE,TRUE,TRUE,FALSE,TRUE,0,0,0,0,0.5,0,0,0.5,0,0,0
1997,As Good as It Gets,FALSE,TRUE,FALSE,TRUE,TRUE,TRUE,0,0,0.333333333333333,0,0.333333333333333,0,0,0.333333333333333,0,0,0
1997,The Full Monty,FALSE,TRUE,TRUE,FALSE,FALSE,FALSE,0,0,0.333333333333333,0,0.333333333333333,0,0,0,0,0,0.333333333333333
1997,Good Will Hunting,FALSE,TRUE,TRUE,FALSE,TRUE,TRUE,0,0,0,0,1,0,0,0,0,0,0
1997,L.A. Confidential,FALSE,TRUE,TRUE,FALSE,FALSE,TRUE,0,0,0,0.25,0.25,0,0,0,0.25,0,0.25
1998,Shakespeare in Love,TRUE,TRUE,TRUE,TRUE,FALSE,TRUE,0,0,0.333333333333333,0,0.333333333333333,0,0,0.333333333333333,0,0,0
1998,Life Is Beautiful,FALSE,TRUE,TRUE,FALSE,TRUE,TRUE,0,0,0.333333333333333,0,0.333333333333333,0,0,0.333333333333333,0,0,0
1998,Saving Private Ryan,FALSE,TRUE,TRUE,FALSE,TRUE,TRUE,0,0,0,0,0.333333333333333,0,0,0,0,0.333333333333333,0.333333333333333
1998,The Thin Red Line,FALSE,TRUE,TRUE,FALSE,FALSE,TRUE,0,0,0,0,0.5,0,0,0,0,0.5,0
1998,Elizabeth,FALSE,FALSE,FALSE,TRUE,FALSE,FALSE,0,0.333333333333333,0,0,0.333333333333333,0.333333333333333,0,0,0,0,0
1999,American Beauty,TRUE,TRUE,TRUE,TRUE,TRUE,TRUE,0,0,0,0,0.5,0,0,0.5,0,0,0
1999,The Insider,FALSE,TRUE,TRUE,FALSE,TRUE,TRUE,0,0.333333333333333,0,0,0.333333333333333,0,0,0,0.333333333333333,0,0
1999,The Sixth Sense,FALSE,TRUE,TRUE,FALSE,FALSE,TRUE,0,0,0,0,0.333333333333333,0,0,0,0.333333333333333,0,0.333333333333333
1999,The Green Mile,FALSE,TRUE,FALSE,FALSE,FALSE,FALSE,0,0,0,0.25,0.25,0,0,0,0,0,0.5
1999,The Cider House Rules,FALSE,TRUE,TRUE,FALSE,FALSE,TRUE,0,0,0,0,0.5,0,0,0.5,0,0,0
2000,Gladiator,TRUE,TRUE,TRUE,FALSE,TRUE,TRUE,0,0,0,0,0.5,0,0,0,0,0,0.5
2000,Chocolat,FALSE,TRUE,FALSE,TRUE,FALSE,FALSE,0,0,0,0,0.5,0,0,0.5,0,0,0
2000,Erin Brockovich,FALSE,TRUE,TRUE,TRUE,FALSE,FALSE,0,0.5,0,0,0.5,0,0,0,0,0,0
2000,Traffic,FALSE,TRUE,TRUE,FALSE,FALSE,TRUE,0,0,0,0.333333333333333,0.333333333333333,0,0,0,0.333333333333333,0,0
2000,"Crouching Tiger, Hidden Dragon",FALSE,TRUE,TRUE,FALSE,FALSE,TRUE,0,0,0,0,0.333333333333333,0,0,0.333333333333333,0,0,0.333333333333333
2001,A Beautiful Mind,TRUE,TRUE,TRUE,FALSE,TRUE,TRUE,0,0.5,0,0,0.5,0,0,0,0,0,0
2001,Gosford Park,FALSE,TRUE,TRUE,FALSE,FALSE,FALSE,0,0,0,0,0.5,0,0,0,0,0,0.5
2001,Moulin Rouge,FALSE,FALSE,FALSE,TRUE,FALSE,TRUE,0,0,0,0,0.333333333333333,0,0.333333333333333,0.333333333333333,0,0,0
2001,The Lord of the Rings: The Fellowship of the Ring,FALSE,TRUE,TRUE,FALSE,FALSE,TRUE,0.333333333333333,0,0,0,0.333333333333333,0,0,0,0,0,0.333333333333333
2001,In the Bedroom,FALSE,TRUE,FALSE,TRUE,TRUE,FALSE,0,0,0,0.5,0.5,0,0,0,0,0,0
2002,Chicago,TRUE,TRUE,TRUE,TRUE,FALSE,TRUE,0,0,0.333333333333333,0.333333333333333,0,0,0.333333333333333,0,0,0,0
2002,The Hours,FALSE,TRUE,TRUE,TRUE,FALSE,TRUE,0,0,0,0,1,0,0,0,0,0,0
2002,Gangs of New York,FALSE,TRUE,TRUE,FALSE,TRUE,TRUE,0,0,0,0.333333333333333,0.333333333333333,0.333333333333333,0,0,0,0,0
2002,The Pianist,FALSE,TRUE,TRUE,FALSE,TRUE,TRUE,0,0.333333333333333,0,0,0.333333333333333,0,0,0,0,0.333333333333333,0
2002,The Lord of the Rings: The Two Towers,FALSE,FALSE,FALSE,FALSE,FALSE,TRUE,0.333333333333333,0,0,0,0.333333333333333,0,0,0,0,0,0.333333333333333
2003,The Lord of the Rings: The Return of the King,TRUE,TRUE,TRUE,FALSE,FALSE,TRUE,0.333333333333333,0,0,0,0.333333333333333,0,0,0,0,0,0.333333333333333
2003,Lost in Translation,FALSE,TRUE,TRUE,FALSE,TRUE,FALSE,0,0,0,0,1,0,0,0,0,0,0
2003,Seabiscuit,FALSE,TRUE,FALSE,FALSE,FALSE,TRUE,0,0,0,0,0.333333333333333,0.333333333333333,0,0,0,0,0.333333333333333
2003,Mystic River,FALSE,TRUE,TRUE,FALSE,TRUE,FALSE,0,0,0,0.25,0.25,0,0,0,0.25,0,0.25
2003,Master and Commander: The Far Side of the World,FALSE,FALSE,TRUE,FALSE,FALSE,TRUE,0.25,0,0,0,0.25,0,0,0,0,0.25,0.25
2004,Million Dollar Baby,TRUE,TRUE,TRUE,TRUE,TRUE,TRUE,0,0,0,0,0.5,0,0,0,0,0,0.5
2004,Finding Neverland,FALSE,TRUE,FALSE,FALSE,TRUE,TRUE,0,0.333333333333333,0,0,0.333333333333333,0,0,0,0,0,0.333333333333333
2004,Sideways,FALSE,TRUE,TRUE,FALSE,FALSE,FALSE,0,0,0.333333333333333,0,0.333333333333333,0,0,0.333333333333333,0,0,0
2004,Ray,FALSE,FALSE,TRUE,FALSE,TRUE,TRUE,0,0.333333333333333,0,0,0.333333333333333,0,0,0,0,0,0.333333333333333
2004,The Aviator,FALSE,TRUE,TRUE,FALSE,TRUE,TRUE,0,0.5,0,0,0.5,0,0,0,0,0,0
2005,Crash,TRUE,TRUE,TRUE,FALSE,FALSE,TRUE,0,0,0,0,1,0,0,0,0,0,0
2005,"Good Night, and Good Luck.",FALSE,TRUE,TRUE,FALSE,TRUE,FALSE,0,0,0,0,1,0,0,0,0,0,0
2005,Brokeback Mountain,FALSE,TRUE,TRUE,FALSE,TRUE,FALSE,0,0,0,0,0.5,0,0,0.5,0,0,0
2005,Capote,FALSE,TRUE,TRUE,FALSE,TRUE,FALSE,0,0.333333333333333,0,0.333333333333333,0.333333333333333,0,0,0,0,0,0
2005,Munich,FALSE,TRUE,TRUE,FALSE,FALSE,TRUE,0,0,0,0,0.333333333333333,0.333333333333333,0,0,0.333333333333333,0,0
2006,The Departed,TRUE,TRUE,TRUE,FALSE,FALSE,TRUE,0,0,0,0.333333333333333,0.333333333333333,0,0,0,0.333333333333333,0,0
2006,The Queen,FALSE,TRUE,TRUE,TRUE,FALSE,FALSE,0,0.5,0,0,0.5,0,0,0,0,0,0
2006,Letters from Iwo Jima,FALSE,TRUE,TRUE,FALSE,FALSE,FALSE,0,0,0,0,0.333333333333333,0.333333333333333,0,0,0,0.333333333333333,0
2006,Little Miss Sunshine,FALSE,TRUE,FALSE,FALSE,FALSE,FALSE,0,0,0.5,0,0.5,0,0,0,0,0,0
2006,Babel,FALSE,TRUE,TRUE,FALSE,FALSE,TRUE,0,0,0,0,1,0,0,0,0,0,0
2007,No Country for Old Men,TRUE,TRUE,TRUE,FALSE,FALSE,TRUE,0,0,0,0.333333333333333,0.333333333333333,0,0,0,0.333333333333333,0,0
2007,Michael Clayton,FALSE,TRUE,TRUE,FALSE,TRUE,FALSE,0,0,0,0.25,0.25,0,0,0,0.25,0,0.25
2007,There Will Be Blood,FALSE,TRUE,TRUE,FALSE,TRUE,TRUE,0,0,0,0,1,0,0,0,0,0,0
2007,Juno,FALSE,TRUE,TRUE,TRUE,FALSE,FALSE,0,0,0.333333333333333,0,0.333333333333333,0,0,0.333333333333333,0,0,0
2007,Atonement,FALSE,TRUE,FALSE,FALSE,FALSE,FALSE,0,0,0,0,0.25,0,0,0.25,0,0.25,0.25
2008,Slumdog Millionaire,TRUE,TRUE,TRUE,FALSE,FALSE,TRUE,0,0,0,0,0.5,0,0,0.5,0,0,0
2008,Frost/Nixon,FALSE,TRUE,TRUE,FALSE,TRUE,TRUE,0,0,0,0,0.5,0.5,0,0,0,0,0
2008,The Curious Case of Benjamin Button,FALSE,TRUE,TRUE,FALSE,TRUE,TRUE,0,0,0,0,0.333333333333333,0,0,0.333333333333333,0,0,0.333333333333333
2008,Milk,FALSE,TRUE,TRUE,FALSE,TRUE,TRUE,0,0.333333333333333,0,0,0.333333333333333,0.333333333333333,0,0,0,0,0
2008,The Reader,FALSE,TRUE,TRUE,TRUE,FALSE,FALSE,0,0,0,0,0.5,0,0,0.5,0,0,0
2009,The Hurt Locker,TRUE,TRUE,TRUE,FALSE,TRUE,TRUE,0,0,0,0,0.25,0.25,0,0,0.25,0.25,0
2009,Up,FALSE,TRUE,FALSE,FALSE,FALSE,FALSE,0.25,0,0.25,0,0,0,0,0,0,0,0.5
2009,Up in the Air,FALSE,TRUE,TRUE,FALSE,TRUE,FALSE,0,0,0,0,0.5,0,0,0.5,0,0,0
2009,An Education,FALSE,TRUE,FALSE,TRUE,FALSE,FALSE,0,0,0,0,1,0,0,0,0,0,0
2009,District 9,FALSE,TRUE,FALSE,FALSE,FALSE,TRUE,0,0,0,0,0,0,0,0,0,0,1
2009,The Blind Side,FALSE,FALSE,FALSE,TRUE,FALSE,FALSE,0,0.333333333333333,0,0,0.333333333333333,0,0,0,0,0,0.333333333333333
2009,Precious: Based on the Novel 'Push' by Sapphire,FALSE,TRUE,TRUE,TRUE,FALSE,TRUE,0,0,0,0,1,0,0,0,0,0,0
2009,Avatar,FALSE,FALSE,TRUE,FALSE,FALSE,TRUE,0.25,0,0,0,0,0,0,0,0,0,0.75
2009,A Serious Man,FALSE,TRUE,FALSE,FALSE,FALSE,FALSE,0,0,0.5,0,0.5,0,0,0,0,0,0
2009,Inglourious Basterds,FALSE,TRUE,TRUE,FALSE,FALSE,TRUE,0.333333333333333,0,0,0,0.333333333333333,0,0,0,0,0.333333333333333,0
2010,The King's Speech,TRUE,TRUE,TRUE,FALSE,TRUE,TRUE,0,0.333333333333333,0,0,0.333333333333333,0.333333333333333,0,0,0,0,0
2010,Toy Story 3,FALSE,TRUE,FALSE,FALSE,FALSE,FALSE,0.2,0,0.2,0,0,0,0,0,0,0,0.6000000000000001
2010,The Social Network,FALSE,TRUE,TRUE,FALSE,TRUE,TRUE,0,0.5,0,0,0.5,0,0,0,0,0,0
2010,Inception,FALSE,TRUE,FALSE,FALSE,FALSE,FALSE,0,0,0,0,0,0,0,0,0.25,0,0.75
2010,The Kids Are All Right,FALSE,TRUE,FALSE,TRUE,FALSE,FALSE,0,0,0.5,0,0.5,0,0,0,0,0,0
2010,Black Swan,FALSE,FALSE,TRUE,TRUE,FALSE,TRUE,0,0,0,0,0.5,0,0,0,0.5,0,0
2010,True Grit,FALSE,TRUE,TRUE,FALSE,TRUE,FALSE,0.333333333333333,0,0,0,0.333333333333333,0,0,0,0,0,0.333333333333333
2010,127 Hours,FALSE,TRUE,FALSE,FALSE,TRUE,TRUE,0.25,0.25,0,0,0.25,0,0,0,0.25,0,0
2010,Winter's Bone,FALSE,TRUE,FALSE,TRUE,FALSE,FALSE,0,0,0,0,1,0,0,0,0,0,0
2010,The Fighter,FALSE,TRUE,TRUE,FALSE,FALSE,TRUE,0,0.333333333333333,0,0,0.333333333333333,0,0,0,0,0,0.333333333333333
2011,The Artist,TRUE,FALSE,TRUE,FALSE,TRUE,TRUE,0,0,0.333333333333333,0,0.333333333333333,0,0,0.333333333333333,0,0,0
2011,Moneyball,FALSE,FALSE,FALSE,FALSE,TRUE,TRUE,0,0.333333333333333,0,0,0.333333333333333,0,0,0,0,0,0.333333333333333
2011,Midnight in Paris,FALSE,FALSE,TRUE,FALSE,FALSE,FALSE,0,0,0.333333333333333,0,0,0,0,0.333333333333333,0,0,0.333333333333333
2011,The Help,FALSE,FALSE,FALSE,TRUE,FALSE,FALSE,0,0,0,0,1,0,0,0,0,0,0
2011,Extremely Loud & Incredibly Close,FALSE,FALSE,FALSE,FALSE,FALSE,FALSE,0.333333333333333,0,0,0,0.333333333333333,0,0,0,0,0,0.333333333333333
2011,Hugo,FALSE,FALSE,TRUE,FALSE,FALSE,TRUE,0.25,0,0,0,0.25,0,0,0,0,0,0.5
2011,The Tree of Life,FALSE,FALSE,TRUE,FALSE,FALSE,FALSE,0,0,0,0,0.5,0,0,0,0,0,0.5
2011,The Descendants,FALSE,FALSE,TRUE,FALSE,TRUE,TRUE,0,0,0.5,0,0.5,0,0,0,0,0,0
2011,War Horse,FALSE,FALSE,FALSE,FALSE,FALSE,FALSE,0,0,0,0,0.5,0,0,0,0,0.5,0
2012,Argo,TRUE,FALSE,FALSE,FALSE,FALSE,TRUE,0,0.25,0,0,0.25,0.25,0,0,0.25,0,0
2012,Beasts of the Southern Wild,FALSE,FALSE,TRUE,TRUE,FALSE,FALSE,0,0,0,0,0.5,0,0,0,0,0,0.5
2012,Amour,FALSE,FALSE,FALSE,FALSE,FALSE,FALSE,0,0,0,0,0.5,0,0,0.5,0,0,0
2012,Zero Dark Thirty,FALSE,FALSE,FALSE,TRUE,FALSE,TRUE,0,0,0,0,0.333333333333333,0.333333333333333,0,0,0.333333333333333,0,0
2012,Django Unchained,FALSE,FALSE,FALSE,FALSE,FALSE,FALSE,0,0,0,0,0,0,0,0,0,0,1
2012,Silver Linings Playbook,FALSE,FALSE,TRUE,TRUE,TRUE,TRUE,0,0,0.333333333333333,0,0.333333333333333,0,0,0.333333333333333,0,0,0
2012,Lincoln,FALSE,FALSE,TRUE,FALSE,TRUE,TRUE,0,0.25,0,0,0.25,0.25,0,0,0,0.25,0
2012,Life of Pi,FALSE,FALSE,TRUE,FALSE,FALSE,TRUE,0.333333333333333,0,0,0,0.333333333333333,0,0,0,0,0,0.333333333333333
2012,NA,FALSE,FALSE,FALSE,FALSE,FALSE,FALSE,0,0,0,0,0.333333333333333,0,0.333333333333333,0.333333333333333,0,0,0
2013,12 Years a Slave,TRUE,FALSE,TRUE,FALSE,TRUE,TRUE,0,0.333333333333333,0,0,0.333333333333333,0.333333333333333,0,0,0,0,0
2013,Her,FALSE,FALSE,FALSE,FALSE,FALSE,FALSE,0,0,0,0,0.333333333333333,0,0,0.333333333333333,0,0,0.333333333333333
2013,Philomena,FALSE,FALSE,FALSE,TRUE,FALSE,FALSE,0,0.5,0,0,0.5,0,0,0,0,0,0
2013,Dallas Buyers Club,FALSE,FALSE,FALSE,FALSE,TRUE,TRUE,0,0.5,0,0,0.5,0,0,0,0,0,0
2013,Nebraska,FALSE,FALSE,TRUE,FALSE,TRUE,FALSE,0.333333333333333,0,0.333333333333333,0,0.333333333333333,0,0,0,0,0,0
2013,The Wolf of Wall Street,FALSE,FALSE,TRUE,FALSE,TRUE,FALSE,0,0.25,0.25,0.25,0.25,0,0,0,0,0,0
2013,Gravity,FALSE,FALSE,TRUE,TRUE,FALSE,TRUE,0,0,0,0,0,0,0,0,0.5,0,0.5
2013,Captain Phillips,FALSE,FALSE,FALSE,FALSE,FALSE,TRUE,0,0.333333333333333,0,0,0.333333333333333,0,0,0,0.333333333333333,0,0
2013,American Hustle,FALSE,FALSE,TRUE,TRUE,TRUE,TRUE,0,0,0,0.5,0.5,0,0,0,0,0,0
2014,Birdman or (The Unexpected Virtue of Ignorance),TRUE,FALSE,TRUE,FALSE,TRUE,FALSE,0,0,0.5,0,0.5,0,0,0,0,0,0
2014,The Imitation Game,FALSE,FALSE,TRUE,FALSE,TRUE,TRUE,0,0.25,0,0,0.25,0,0,0,0.25,0.25,0
2014,Whiplash,FALSE,FALSE,FALSE,FALSE,FALSE,TRUE,0,0,0,0,0.5,0,0,0,0,0,0.5
2014,American Sniper,FALSE,FALSE,FALSE,FALSE,TRUE,TRUE,0,0.166666666666667,0,0,0.166666666666667,0.166666666666667,0,0,0.166666666666667,0.166666666666667,0.166666666666667
2014,The Grand Budapest Hotel,FALSE,FALSE,TRUE,FALSE,FALSE,TRUE,0.333333333333333,0,0.333333333333333,0,0.333333333333333,0,0,0,0,0,0
2014,Boyhood,FALSE,FALSE,TRUE,FALSE,FALSE,TRUE,0,0,0,0,1,0,0,0,0,0,0
2014,Selma,FALSE,FALSE,FALSE,FALSE,FALSE,FALSE,0,0.333333333333333,0,0,0.333333333333333,0.333333333333333,0,0,0,0,0
2014,The Theory of Everything,FALSE,FALSE,FALSE,TRUE,TRUE,FALSE,0,0.333333333333333,0,0,0.333333333333333,0,0,0.333333333333333,0,0,0
